{
    "version": 21,
    
    "qsg_template_url": "http://static.outline.app/Resources/dlc/common/notebooks/[language]/[version]/[platform]/[file_name]",
    
    "localized_qsgs":
    {
        "ios":
        {
            "en":
            {
                "version": 22,
                "localized_name": "User Guide",
                "file_name": "User Guide.zip"
            }
        },
        
        "osx":
        {
            "en":
            {
                "version": 22,
                "localized_name": "User Guide",
                "file_name": "User Guide.zip"
            }
        }
    },
	
	"covers":
	{
		"ios":
		[
		]
	}
}
